animal,sex,strain,cohort,session_date,stage,filename,total_trials,n_blocks,n_sound_blocks,n_action_right_blocks,n_action_left_blocks,mean_trials_until_switch,mean_latency,n_omissions
1033993,M,Fezf2,2,20260310,naive,AdaptSensorimotor_1033993_20260310_103745_boxEphys.csv,221,1,1,0,0,221.0,0.16449289321899413,162
1033993,M,Fezf2,2,20260312,naive,AdaptSensorimotor_1033993_20260312_123622_boxEphys.csv,251,1,1,0,0,251.0,0.1735456267606865,123
1033996,F,Fezf2,2,20260311,naive,AdaptSensorimotor_1033996_20260311_120426_boxEphys.csv,340,3,2,1,0,113.33333333333333,0.36165221287654,177
1033996,F,Fezf2,2,20260313,naive,AdaptSensorimotor_1033996_20260313_122023_boxEphys.csv,465,7,4,2,1,66.42857142857143,0.43240397976290795,170
1033998,F,Fezf2,2,20260304,naive,AdaptSensorimotor_1033998_20260304_131212_boxEphys.csv,238,1,1,0,0,238.0,0.6067014673481816,191
1033998,F,Fezf2,2,20260306,naive,AdaptSensorimotor_1033998_20260306_123642_boxEphys.csv,549,4,2,1,1,137.25,0.49486089876605205,199
1033999,F,Fezf2,2,20260310,naive,AdaptSensorimotor_1033999_20260310_124934_boxEphys.csv,685,8,4,2,2,85.625,0.15596992481838573,178
1033999,F,Fezf2,2,20260312,naive,AdaptSensorimotor_1033999_20260312_100010_boxEphys.csv,561,11,6,2,3,51.0,0.14218126226972033,218
1061220,F,Fezf2,3,20260527,naive,AdaptSensorimotor_1061220_20260527_123327_boxEphys.csv,612,9,5,2,2,68.0,0.2829047940114198,194
1061220,F,Fezf2,3,20260529,naive,AdaptSensorimotor_1061220_20260529_131654_boxEphys.csv,642,14,7,4,3,45.857142857142854,0.16223698782978013,159
1061233,M,Fezf2,3,20260526,naive,AdaptSensorimotor_1061233_20260526_131627_boxEphys.csv,433,1,1,0,0,433.0,0.21122834205627442,317
1061233,M,Fezf2,3,20260528,naive,AdaptSensorimotor_1061233_20260528_131414_boxEphys.csv,682,12,6,3,3,56.833333333333336,0.08260852648011337,51
1061234,M,Fezf2,3,20260601,naive,AdaptSensorimotor_1061234_20260601_145613_boxEphys.csv,686,3,2,0,1,228.66666666666666,0.09863247148153853,52
1061234,M,Fezf2,3,20260602,naive,AdaptSensorimotor_1061234_20260602_153229_boxEphys.csv,671,9,5,2,2,74.55555555555556,0.1007178403713085,70
986167,M,Fezf2,1,20251125,naive,AdaptSensorimotor_986167_20251125_161831_boxEphys.csv,321,1,1,0,0,321.0,-1.8336118094382747,44
986167,M,Fezf2,1,20251204,naive,AdaptSensorimotor_986167_20251204_153227_boxEphys.csv,627,7,4,1,2,89.57142857142857,0.21323529411764705,17
986168,M,Fezf2,1,20251203,naive,AdaptSensorimotor_986168_20251203_131548_boxEphys.csv,691,14,7,4,3,49.357142857142854,0.27061310782241016,147
986168,M,Fezf2,1,20251204,naive,AdaptSensorimotor_986168_20251204_125454_boxEphys.csv,532,3,2,1,0,177.33333333333334,-0.722771430837697,333
986169,M,Fezf2,1,20251202,naive,AdaptSensorimotor_986169_20251202_134745_boxEphys.csv,379,1,1,0,0,379.0,-1.9785496870676675,311
986169,M,Fezf2,1,20251203,naive,AdaptSensorimotor_986169_20251203_105820_boxEphys.csv,392,1,1,0,0,392.0,-1.9135549102031009,281
986170,M,Fezf2,1,20251125,naive,AdaptSensorimotor_986170_20251125_133737_boxEphys.csv,683,14,7,4,3,48.785714285714285,0.20176991150442478,33
986170,M,Fezf2,1,20251201,naive,AdaptSensorimotor_986170_20251201_152613_boxEphys.csv,719,13,7,3,3,55.30769230769231,0.07547169811320754,62
986171,F,Fezf2,1,20251203,naive,AdaptSensorimotor_986171_20251203_160647_boxEphys.csv,388,1,1,0,0,388.0,-1.8460535740217783,82
986171,F,Fezf2,1,20251208,naive,AdaptSensorimotor_986171_20251208_140732_boxEphys.csv,640,6,3,1,2,106.66666666666667,-1.4980032539549675,54
1021218,F,Fmr1-Fezf2,2,20260311,naive,AdaptSensorimotor_1021218_20260311_092952_boxEphys.csv,526,12,6,3,3,43.833333333333336,0.1840374722051873,95
1021218,F,Fmr1-Fezf2,2,20260313,naive,AdaptSensorimotor_1021218_20260313_093712_boxEphys.csv,624,8,4,2,2,78.0,0.22709662400492744,151
1021219,F,Fmr1-Fezf2,2,20260324,naive,AdaptSensorimotor_1021219_20260324_113654_boxEphys.csv,341,1,1,0,0,341.0,0.6855967096660448,261
1021219,F,Fmr1-Fezf2,2,20260326,naive,AdaptSensorimotor_1021219_20260326_124432_boxEphys.csv,600,2,1,0,1,300.0,0.45134555347382077,354
1038513,M,Fmr1-Fezf2,2,20260317,naive,AdaptSensorimotor_1038513_20260317_110618_boxEphys.csv,624,12,6,3,3,52.0,0.13808911738823487,105
1038513,M,Fmr1-Fezf2,2,20260319,naive,AdaptSensorimotor_1038513_20260319_094940_boxEphys.csv,577,8,4,2,2,72.125,0.17592141264110203,174
1053833,M,Fmr1-Fezf2,3,20260526,naive,AdaptSensorimotor_1053833_20260526_101505_boxEphys.csv,723,10,5,2,3,72.3,0.056638251392507714,64
1053833,M,Fmr1-Fezf2,3,20260528,naive,AdaptSensorimotor_1053833_20260528_102306_boxEphys.csv,735,12,6,3,3,61.25,0.0818084725353496,50
1053835,M,Fmr1-Fezf2,3,20260610,naive,AdaptSensorimotor_1053835_20260610_175048_boxEphys.csv,429,3,2,0,1,143.0,0.2607222411730518,72
1053835,M,Fmr1-Fezf2,3,20260612,naive,AdaptSensorimotor_1053835_20260612_151721_boxEphys.csv,401,1,1,0,0,401.0,0.11521093190064904,188
1053836,M,Fmr1-Fezf2,3,20260624,naive,AdaptSensorimotor_1053836_20260624_100647_boxEphys.csv,679,5,3,1,1,135.8,0.10573789206418124,41
1053836,M,Fmr1-Fezf2,3,20260626,naive,AdaptSensorimotor_1053836_20260626_101522_boxEphys.csv,630,2,1,0,1,315.0,0.383647943046731,3
1060138,F,Fmr1-Fezf2,3,20260527,naive,AdaptSensorimotor_1060138_20260527_093937_boxEphys.csv,529,4,2,1,1,132.25,0.24793847659965615,325
1060138,F,Fmr1-Fezf2,3,20260529,naive,AdaptSensorimotor_1060138_20260529_100542_boxEphys.csv,692,12,6,3,3,57.666666666666664,0.10883542619833425,146
1060141,F,Fmr1-Fezf2,3,20260624,naive,AdaptSensorimotor_1060141_20260624_124029_boxEphys.csv,711,11,6,3,2,64.63636363636364,0.03213172692518968,58
1060141,F,Fmr1-Fezf2,3,20260626,naive,AdaptSensorimotor_1060141_20260626_131427_boxEphys.csv,687,12,6,3,3,57.25,0.11556378282639423,167
1060148,F,Fmr1-Tlx3,3,20260609,naive,AdaptSensorimotor_1060148_20260609_152127_boxEphys.csv,724,12,6,3,3,60.333333333333336,0.0826148193501917,90
1060148,F,Fmr1-Tlx3,3,20260611,naive,AdaptSensorimotor_1060148_20260611_151935_boxEphys.csv,760,14,7,3,4,54.285714285714285,0.08958257684028555,37
1020227,M,Tlx3,2,20260304,naive,AdaptSensorimotor_1020227_20260304_102643_boxEphys.csv,682,10,5,2,3,68.2,0.27243715134250024,161
1020227,M,Tlx3,2,20260306,naive,AdaptSensorimotor_1020227_20260306_095315_boxEphys.csv,665,6,3,2,1,110.83333333333333,0.4329804537985562,182
1020228,M,Tlx3,2,20260317,naive,AdaptSensorimotor_1020228_20260317_091007_boxEphys.csv,453,4,2,1,1,113.25,0.3656762905002381,250
1031912,M,Tlx3,2,20260303,naive,AdaptSensorimotor_1031912_20260303_094548_boxEphys.csv,653,8,4,2,2,81.625,0.42350694695873375,252
1031912,M,Tlx3,2,20260305,naive,AdaptSensorimotor_1031912_20260305_093656_boxEphys.csv,692,18,9,4,5,38.44444444444444,0.3412190481192536,54
1031913,M,Tlx3,2,20260303,naive,AdaptSensorimotor_1031913_20260303_123758_boxEphys.csv,608,5,3,1,1,121.6,0.5936949622246527,242
1031913,M,Tlx3,2,20260305,naive,AdaptSensorimotor_1031913_20260305_122323_boxEphys.csv,661,10,5,3,2,66.1,0.28512786829246667,49
1060358,F,Tlx3,3,20260601,naive,AdaptSensorimotor_1060358_20260601_121120_boxEphys.csv,633,14,7,3,4,45.214285714285715,0.27033098980232523,88
1060358,F,Tlx3,3,20260602,naive,AdaptSensorimotor_1060358_20260602_123624_boxEphys.csv,703,13,7,3,3,54.07692307692308,0.30815553551085256,221
1060359,F,Tlx3,3,20260624,naive,AdaptSensorimotor_1060359_20260624_151922_boxEphys.csv,321,6,3,2,1,53.5,0.1656506264463384,146
1060359,F,Tlx3,3,20260626,naive,AdaptSensorimotor_1060359_20260626_155621_boxEphys.csv,678,8,4,2,2,84.75,0.2241816473291598,106
1060360,F,Tlx3,3,20260519,naive,AdaptSensorimotor_1060360_20260519_104401_boxEphys.csv,346,1,1,0,0,346.0,0.3841824633734567,235
1060360,F,Tlx3,3,20260521,naive,AdaptSensorimotor_1060360_20260521_105818_boxEphys.csv,652,3,2,1,0,217.33333333333334,0.1934897450839772,77
986235,F,Tlx3,1,20251125,naive,AdaptSensorimotor_986235_20251125_110652_boxEphys.csv,476,4,2,1,1,119.0,-0.7584877798221256,280
986235,F,Tlx3,1,20251202,naive,AdaptSensorimotor_986235_20251202_103444_boxEphys.csv,693,8,4,2,2,86.625,0.14885496183206107,102
999770,M,Tlx3,1,20251111,naive,AdaptSensorimotor_999770_20251111_143934_boxEphys.csv,659,8,4,2,2,82.375,-0.9597565833053026,59
999770,M,Tlx3,1,20251111,naive,AdaptSensorimotor_999770_20251111_143934_boxEphys_old.csv,659,8,4,2,2,82.375,-0.9597565833053026,59
999770,M,Tlx3,1,20251112,naive,AdaptSensorimotor_999770_20251112_123135_boxEphys.csv,416,1,1,0,0,416.0,-1.5248337990015894,176
1033993,M,Fezf2,2,20260323,trained,AdaptSensorimotor_1033993_20260323_093148_boxEphys.csv,638,12,6,3,3,53.166666666666664,0.1800470735345568,182
1033993,M,Fezf2,2,20260325,trained,AdaptSensorimotor_1033993_20260325_095450_boxEphys.csv,610,14,7,4,3,43.57142857142857,0.14272532593416462,111
1033996,F,Fezf2,2,20260324,trained,AdaptSensorimotor_1033996_20260324_090522_boxEphys.csv,435,4,2,1,1,108.75,0.9297139156948436,302
1033996,F,Fezf2,2,20260326,trained,AdaptSensorimotor_1033996_20260326_100103_boxEphys.csv,511,4,2,1,1,127.75,0.7785598422799792,346
1033999,F,Fezf2,2,20260323,trained,AdaptSensorimotor_1033999_20260323_122059_boxEphys.csv,743,17,9,4,4,43.705882352941174,0.10899856768972506,54
1033999,F,Fezf2,2,20260325,trained,AdaptSensorimotor_1033999_20260325_124436_boxEphys.csv,760,21,11,5,5,36.19047619047619,0.06116475552991272,64
1061220,F,Fezf2,3,20260608,trained,AdaptSensorimotor_1061220_20260608_152811_boxEphys.csv,617,17,9,4,4,36.294117647058826,0.3076417889257874,60
1061220,F,Fezf2,3,20260610,trained,AdaptSensorimotor_1061220_20260610_150915_boxEphys.csv,635,13,7,3,3,48.84615384615385,0.17813522749782157,136
1061233,M,Fezf2,3,20260608,trained,AdaptSensorimotor_1061233_20260608_124904_boxEphys.csv,681,16,8,4,4,42.5625,0.08694326316100964,56
1061233,M,Fezf2,3,20260610,trained,AdaptSensorimotor_1061233_20260610_121350_boxEphys.csv,713,14,7,3,4,50.92857142857143,0.07584508287927524,73
1061234,M,Fezf2,3,20260609,trained,AdaptSensorimotor_1061234_20260609_122157_boxEphys.csv,697,15,8,4,3,46.46666666666667,0.06436620864801122,52
1061234,M,Fezf2,3,20260612,trained,AdaptSensorimotor_1061234_20260612_093041_boxEphys.csv,633,17,9,4,4,37.23529411764706,0.09455478486448231,163
986167,M,Fezf2,1,20251210,trained,AdaptSensorimotor_986167_20251210_104215_boxEphys.csv,685,11,6,2,3,62.27272727272727,-0.6640543040879275,289
986167,M,Fezf2,1,20251211,trained,AdaptSensorimotor_986167_20251211_163021_boxEphys.csv,670,8,4,2,2,83.75,-0.8916820034836278,242
986168,M,Fezf2,1,20251210,trained,AdaptSensorimotor_986168_20251210_135142_boxEphys.csv,615,3,2,0,1,205.0,-0.8976280820369721,353
986168,M,Fezf2,1,20251212,trained,AdaptSensorimotor_986168_20251212_131927_boxEphys.csv,412,4,2,1,1,103.0,-0.7837262439056182,226
986170,M,Fezf2,1,20251209,trained,AdaptSensorimotor_986170_20251209_133515_boxEphys.csv,726,15,8,3,4,48.4,-0.778821357630067,68
986170,M,Fezf2,1,20251211,trained,AdaptSensorimotor_986170_20251211_110945_boxEphys.csv,693,9,5,2,2,77.0,-0.7819360086860739,174
986171,F,Fezf2,1,20251212,trained,AdaptSensorimotor_986171_20251212_104852_boxEphys.csv,673,6,3,2,1,112.16666666666667,-1.191510678718449,67
1021218,F,Fmr1-Fezf2,2,20260323,trained,AdaptSensorimotor_1021218_20260323_150148_boxEphys.csv,612,3,2,1,0,204.0,0.14544656765965763,245
1021218,F,Fmr1-Fezf2,2,20260325,trained,AdaptSensorimotor_1021218_20260325_155135_boxEphys.csv,686,5,3,1,1,137.2,0.21696355265955772,186
1021219,F,Fmr1-Fezf2,2,20260331,trained,AdaptSensorimotor_1021219_20260331_124312_boxEphys.csv,204,1,1,0,0,204.0,0.5300859521936487,132
1021219,F,Fmr1-Fezf2,2,20260402,trained,AdaptSensorimotor_1021219_20260402_123030_boxEphys.csv,438,4,2,1,1,109.5,0.1512819396124946,110
1038513,M,Fmr1-Fezf2,2,20260331,trained,AdaptSensorimotor_1038513_20260331_094625_boxEphys.csv,668,9,5,2,2,74.22222222222223,0.2944655226336585,239
1038513,M,Fmr1-Fezf2,2,20260402,trained,AdaptSensorimotor_1038513_20260402_095251_boxEphys.csv,646,12,6,3,3,53.833333333333336,0.23692479770477504,288
1053833,M,Fmr1-Fezf2,3,20260608,trained,AdaptSensorimotor_1053833_20260608_095743_boxEphys.csv,720,19,10,5,4,37.89473684210526,0.06572758475231004,30
1053833,M,Fmr1-Fezf2,3,20260610,trained,AdaptSensorimotor_1053833_20260610_091606_boxEphys.csv,688,15,8,3,4,45.86666666666667,0.09889478134173973,212
1053835,M,Fmr1-Fezf2,3,20260623,trained,AdaptSensorimotor_1053835_20260623_130133_boxEphys.csv,469,1,1,0,0,469.0,0.46430138225105877,123
1053835,M,Fmr1-Fezf2,3,20260625,trained,AdaptSensorimotor_1053835_20260625_132715_boxEphys.csv,613,13,7,3,3,47.15384615384615,0.32862777340389604,13
1060138,F,Fmr1-Fezf2,3,20260609,trained,AdaptSensorimotor_1060138_20260609_095337_boxEphys.csv,405,2,1,0,1,202.5,0.2491717884937922,316
1060138,F,Fmr1-Fezf2,3,20260611,trained,AdaptSensorimotor_1060138_20260611_101256_boxEphys.csv,477,9,5,2,2,53.0,0.30751674271485196,208
1060148,F,Fmr1-Tlx3,3,20260623,trained,AdaptSensorimotor_1060148_20260623_100202_boxEphys.csv,733,17,9,4,4,43.11764705882353,0.07963696047396643,101
1060148,F,Fmr1-Tlx3,3,20260625,trained,AdaptSensorimotor_1060148_20260625_104804_boxEphys.csv,636,13,7,3,3,48.92307692307692,0.10537058684095066,178
1020227,M,Tlx3,2,20260316,trained,AdaptSensorimotor_1020227_20260316_094306_boxEphys.csv,679,11,6,2,3,61.72727272727273,0.2922681450109462,124
1020227,M,Tlx3,2,20260318,trained,AdaptSensorimotor_1020227_20260318_092910_boxEphys.csv,725,21,11,5,5,34.523809523809526,0.13939441011307088,37
1031912,M,Tlx3,2,20260317,trained,AdaptSensorimotor_1031912_20260317_134212_boxEphys.csv,735,19,10,4,5,38.68421052631579,0.2019006669052004,22
1031912,M,Tlx3,2,20260319,trained,AdaptSensorimotor_1031912_20260319_124035_boxEphys.csv,743,20,10,5,5,37.15,0.25184748692441106,65
1031913,M,Tlx3,2,20260316,trained,AdaptSensorimotor_1031913_20260316_125101_boxEphys.csv,659,14,7,3,4,47.07142857142857,0.3846500895044825,23
1060358,F,Tlx3,3,20260608,trained,AdaptSensorimotor_1060358_20260608_095350_box1.csv,674,15,8,4,3,44.93333333333333,0.1707476518168953,135
1060358,F,Tlx3,3,20260612,trained,AdaptSensorimotor_1060358_20260612_121907_boxEphys.csv,633,8,4,2,2,79.125,0.24432300495845016,383
1060360,F,Tlx3,3,20260601,trained,AdaptSensorimotor_1060360_20260601_092335_boxEphys.csv,669,17,9,4,4,39.35294117647059,0.1516055062649742,99
1060360,F,Tlx3,3,20260602,trained,AdaptSensorimotor_1060360_20260602_092622_boxEphys.csv,694,17,9,4,4,40.8235294117647,0.15772270337315916,103
986235,F,Tlx3,1,20251209,trained,AdaptSensorimotor_986235_20251209_161426_boxEphys.csv,656,13,7,3,3,50.46153846153846,-1.2379491577823292,46
986235,F,Tlx3,1,20251211,trained,AdaptSensorimotor_986235_20251211_134257_boxEphys.csv,612,14,7,4,3,43.714285714285715,-0.9474336149600836,133
999770,M,Tlx3,1,20251206,trained,AdaptSensorimotor_999770_20251206_095718_boxEphys.csv,718,24,12,6,6,29.916666666666668,0.047244094488188976,11
999770,M,Tlx3,1,20251209,trained,AdaptSensorimotor_999770_20251209_104142_boxEphys.csv,725,24,12,6,6,30.208333333333332,-0.7728540881962691,34
