animal,cohort,session_date,datetime,path,filename,sex,strain,stage
1020227,2,20260304,2026-03-04 10:26:43,L:\dmclab\Joana\PFC-Str_behavior_project\Behavior\Cohort_2\1020227\Behavior\20260304\AdaptSensorimotor_1020227_20260304_102643_boxEphys.csv,AdaptSensorimotor_1020227_20260304_102643_boxEphys.csv,M,Tlx3,naive
1020227,2,20260306,2026-03-06 09:53:15,L:\dmclab\Joana\PFC-Str_behavior_project\Behavior\Cohort_2\1020227\Behavior\20260306\AdaptSensorimotor_1020227_20260306_095315_boxEphys.csv,AdaptSensorimotor_1020227_20260306_095315_boxEphys.csv,M,Tlx3,naive
1020227,2,20260316,2026-03-16 09:43:06,L:\dmclab\Joana\PFC-Str_behavior_project\Behavior\Cohort_2\1020227\Behavior\20260316\AdaptSensorimotor_1020227_20260316_094306_boxEphys.csv,AdaptSensorimotor_1020227_20260316_094306_boxEphys.csv,M,Tlx3,trained
1020227,2,20260318,2026-03-18 09:29:10,L:\dmclab\Joana\PFC-Str_behavior_project\Behavior\Cohort_2\1020227\Behavior\20260318\AdaptSensorimotor_1020227_20260318_092910_boxEphys.csv,AdaptSensorimotor_1020227_20260318_092910_boxEphys.csv,M,Tlx3,trained
1020228,2,20260317,2026-03-17 09:10:07,L:\dmclab\Joana\PFC-Str_behavior_project\Behavior\Cohort_2\1020228\Behavior\20260317\AdaptSensorimotor_1020228_20260317_091007_boxEphys.csv,AdaptSensorimotor_1020228_20260317_091007_boxEphys.csv,M,Tlx3,naive
1021218,2,20260311,2026-03-11 09:29:52,L:\dmclab\Joana\PFC-Str_behavior_project\Behavior\Cohort_2\1021218\Behavior\20260311\AdaptSensorimotor_1021218_20260311_092952_boxEphys.csv,AdaptSensorimotor_1021218_20260311_092952_boxEphys.csv,F,Fmr1-Fezf2,naive
1021218,2,20260313,2026-03-13 09:37:12,L:\dmclab\Joana\PFC-Str_behavior_project\Behavior\Cohort_2\1021218\Behavior\20260313\AdaptSensorimotor_1021218_20260313_093712_boxEphys.csv,AdaptSensorimotor_1021218_20260313_093712_boxEphys.csv,F,Fmr1-Fezf2,naive
1021218,2,20260323,2026-03-23 15:01:48,L:\dmclab\Joana\PFC-Str_behavior_project\Behavior\Cohort_2\1021218\Behavior\20260323\AdaptSensorimotor_1021218_20260323_150148_boxEphys.csv,AdaptSensorimotor_1021218_20260323_150148_boxEphys.csv,F,Fmr1-Fezf2,trained
1021218,2,20260325,2026-03-25 15:51:35,L:\dmclab\Joana\PFC-Str_behavior_project\Behavior\Cohort_2\1021218\Behavior\20260325\AdaptSensorimotor_1021218_20260325_155135_boxEphys.csv,AdaptSensorimotor_1021218_20260325_155135_boxEphys.csv,F,Fmr1-Fezf2,trained
1021219,2,20260324,2026-03-24 11:36:54,L:\dmclab\Joana\PFC-Str_behavior_project\Behavior\Cohort_2\1021219\Behavior\20260324\AdaptSensorimotor_1021219_20260324_113654_boxEphys.csv,AdaptSensorimotor_1021219_20260324_113654_boxEphys.csv,F,Fmr1-Fezf2,naive
1021219,2,20260326,2026-03-26 12:44:32,L:\dmclab\Joana\PFC-Str_behavior_project\Behavior\Cohort_2\1021219\Behavior\20260326\AdaptSensorimotor_1021219_20260326_124432_boxEphys.csv,AdaptSensorimotor_1021219_20260326_124432_boxEphys.csv,F,Fmr1-Fezf2,naive
1021219,2,20260331,2026-03-31 12:43:12,L:\dmclab\Joana\PFC-Str_behavior_project\Behavior\Cohort_2\1021219\Behavior\20260331\AdaptSensorimotor_1021219_20260331_124312_boxEphys.csv,AdaptSensorimotor_1021219_20260331_124312_boxEphys.csv,F,Fmr1-Fezf2,trained
1021219,2,20260402,2026-04-02 12:30:30,L:\dmclab\Joana\PFC-Str_behavior_project\Behavior\Cohort_2\1021219\Behavior\20260402\AdaptSensorimotor_1021219_20260402_123030_boxEphys.csv,AdaptSensorimotor_1021219_20260402_123030_boxEphys.csv,F,Fmr1-Fezf2,trained
1031912,2,20260303,2026-03-03 09:45:48,L:\dmclab\Joana\PFC-Str_behavior_project\Behavior\Cohort_2\1031912\Behavior\20260303\AdaptSensorimotor_1031912_20260303_094548_boxEphys.csv,AdaptSensorimotor_1031912_20260303_094548_boxEphys.csv,M,Tlx3,naive
1031912,2,20260305,2026-03-05 09:36:56,L:\dmclab\Joana\PFC-Str_behavior_project\Behavior\Cohort_2\1031912\Behavior\20260305\AdaptSensorimotor_1031912_20260305_093656_boxEphys.csv,AdaptSensorimotor_1031912_20260305_093656_boxEphys.csv,M,Tlx3,naive
1031912,2,20260317,2026-03-17 13:42:12,L:\dmclab\Joana\PFC-Str_behavior_project\Behavior\Cohort_2\1031912\Behavior\20260317\AdaptSensorimotor_1031912_20260317_134212_boxEphys.csv,AdaptSensorimotor_1031912_20260317_134212_boxEphys.csv,M,Tlx3,trained
1031912,2,20260319,2026-03-19 12:40:35,L:\dmclab\Joana\PFC-Str_behavior_project\Behavior\Cohort_2\1031912\Behavior\20260319\AdaptSensorimotor_1031912_20260319_124035_boxEphys.csv,AdaptSensorimotor_1031912_20260319_124035_boxEphys.csv,M,Tlx3,trained
1031913,2,20260303,2026-03-03 12:37:58,L:\dmclab\Joana\PFC-Str_behavior_project\Behavior\Cohort_2\1031913\Behavior\20260303\AdaptSensorimotor_1031913_20260303_123758_boxEphys.csv,AdaptSensorimotor_1031913_20260303_123758_boxEphys.csv,M,Tlx3,naive
1031913,2,20260305,2026-03-05 12:23:23,L:\dmclab\Joana\PFC-Str_behavior_project\Behavior\Cohort_2\1031913\Behavior\20260305\AdaptSensorimotor_1031913_20260305_122323_boxEphys.csv,AdaptSensorimotor_1031913_20260305_122323_boxEphys.csv,M,Tlx3,naive
1031913,2,20260316,2026-03-16 12:51:01,L:\dmclab\Joana\PFC-Str_behavior_project\Behavior\Cohort_2\1031913\Behavior\20260316\AdaptSensorimotor_1031913_20260316_125101_boxEphys.csv,AdaptSensorimotor_1031913_20260316_125101_boxEphys.csv,M,Tlx3,trained
1033993,2,20260310,2026-03-10 10:37:45,L:\dmclab\Joana\PFC-Str_behavior_project\Behavior\Cohort_2\1033993\Behavior\20260310\AdaptSensorimotor_1033993_20260310_103745_boxEphys.csv,AdaptSensorimotor_1033993_20260310_103745_boxEphys.csv,M,Fezf2,naive
1033993,2,20260312,2026-03-12 12:36:22,L:\dmclab\Joana\PFC-Str_behavior_project\Behavior\Cohort_2\1033993\Behavior\20260312\AdaptSensorimotor_1033993_20260312_123622_boxEphys.csv,AdaptSensorimotor_1033993_20260312_123622_boxEphys.csv,M,Fezf2,naive
1033993,2,20260323,2026-03-23 09:31:48,L:\dmclab\Joana\PFC-Str_behavior_project\Behavior\Cohort_2\1033993\Behavior\20260323\AdaptSensorimotor_1033993_20260323_093148_boxEphys.csv,AdaptSensorimotor_1033993_20260323_093148_boxEphys.csv,M,Fezf2,trained
1033993,2,20260325,2026-03-25 09:54:50,L:\dmclab\Joana\PFC-Str_behavior_project\Behavior\Cohort_2\1033993\Behavior\20260325\AdaptSensorimotor_1033993_20260325_095450_boxEphys.csv,AdaptSensorimotor_1033993_20260325_095450_boxEphys.csv,M,Fezf2,trained
1033996,2,20260311,2026-03-11 12:04:26,L:\dmclab\Joana\PFC-Str_behavior_project\Behavior\Cohort_2\1033996\Behavior\20260311\AdaptSensorimotor_1033996_20260311_120426_boxEphys.csv,AdaptSensorimotor_1033996_20260311_120426_boxEphys.csv,F,Fezf2,naive
1033996,2,20260313,2026-03-13 12:20:23,L:\dmclab\Joana\PFC-Str_behavior_project\Behavior\Cohort_2\1033996\Behavior\20260313\AdaptSensorimotor_1033996_20260313_122023_boxEphys.csv,AdaptSensorimotor_1033996_20260313_122023_boxEphys.csv,F,Fezf2,naive
1033996,2,20260324,2026-03-24 09:05:22,L:\dmclab\Joana\PFC-Str_behavior_project\Behavior\Cohort_2\1033996\Behavior\20260324\AdaptSensorimotor_1033996_20260324_090522_boxEphys.csv,AdaptSensorimotor_1033996_20260324_090522_boxEphys.csv,F,Fezf2,trained
1033996,2,20260326,2026-03-26 10:01:03,L:\dmclab\Joana\PFC-Str_behavior_project\Behavior\Cohort_2\1033996\Behavior\20260326\AdaptSensorimotor_1033996_20260326_100103_boxEphys.csv,AdaptSensorimotor_1033996_20260326_100103_boxEphys.csv,F,Fezf2,trained
1033998,2,20260304,2026-03-04 13:12:12,L:\dmclab\Joana\PFC-Str_behavior_project\Behavior\Cohort_2\1033998\Behavior\20260304\AdaptSensorimotor_1033998_20260304_131212_boxEphys.csv,AdaptSensorimotor_1033998_20260304_131212_boxEphys.csv,F,Fezf2,naive
1033998,2,20260306,2026-03-06 12:36:42,L:\dmclab\Joana\PFC-Str_behavior_project\Behavior\Cohort_2\1033998\Behavior\20260306\AdaptSensorimotor_1033998_20260306_123642_boxEphys.csv,AdaptSensorimotor_1033998_20260306_123642_boxEphys.csv,F,Fezf2,naive
1033999,2,20260310,2026-03-10 12:49:34,L:\dmclab\Joana\PFC-Str_behavior_project\Behavior\Cohort_2\1033999\Behavior\20260310\AdaptSensorimotor_1033999_20260310_124934_boxEphys.csv,AdaptSensorimotor_1033999_20260310_124934_boxEphys.csv,F,Fezf2,naive
1033999,2,20260312,2026-03-12 10:00:10,L:\dmclab\Joana\PFC-Str_behavior_project\Behavior\Cohort_2\1033999\Behavior\20260312\AdaptSensorimotor_1033999_20260312_100010_boxEphys.csv,AdaptSensorimotor_1033999_20260312_100010_boxEphys.csv,F,Fezf2,naive
1033999,2,20260323,2026-03-23 12:20:59,L:\dmclab\Joana\PFC-Str_behavior_project\Behavior\Cohort_2\1033999\Behavior\20260323\AdaptSensorimotor_1033999_20260323_122059_boxEphys.csv,AdaptSensorimotor_1033999_20260323_122059_boxEphys.csv,F,Fezf2,trained
1033999,2,20260325,2026-03-25 12:44:36,L:\dmclab\Joana\PFC-Str_behavior_project\Behavior\Cohort_2\1033999\Behavior\20260325\AdaptSensorimotor_1033999_20260325_124436_boxEphys.csv,AdaptSensorimotor_1033999_20260325_124436_boxEphys.csv,F,Fezf2,trained
1038513,2,20260317,2026-03-17 11:06:18,L:\dmclab\Joana\PFC-Str_behavior_project\Behavior\Cohort_2\1038513\Behavior\20260317\AdaptSensorimotor_1038513_20260317_110618_boxEphys.csv,AdaptSensorimotor_1038513_20260317_110618_boxEphys.csv,M,Fmr1-Fezf2,naive
1038513,2,20260319,2026-03-19 09:49:40,L:\dmclab\Joana\PFC-Str_behavior_project\Behavior\Cohort_2\1038513\Behavior\20260319\AdaptSensorimotor_1038513_20260319_094940_boxEphys.csv,AdaptSensorimotor_1038513_20260319_094940_boxEphys.csv,M,Fmr1-Fezf2,naive
1038513,2,20260331,2026-03-31 09:46:25,L:\dmclab\Joana\PFC-Str_behavior_project\Behavior\Cohort_2\1038513\Behavior\20260331\AdaptSensorimotor_1038513_20260331_094625_boxEphys.csv,AdaptSensorimotor_1038513_20260331_094625_boxEphys.csv,M,Fmr1-Fezf2,trained
1038513,2,20260402,2026-04-02 09:52:51,L:\dmclab\Joana\PFC-Str_behavior_project\Behavior\Cohort_2\1038513\Behavior\20260402\AdaptSensorimotor_1038513_20260402_095251_boxEphys.csv,AdaptSensorimotor_1038513_20260402_095251_boxEphys.csv,M,Fmr1-Fezf2,trained
1053833,3,20260526,2026-05-26 10:15:05,L:\dmclab\Joana\PFC-Str_behavior_project\Behavior\Cohort_3\1053833\Behavior\20260526\AdaptSensorimotor_1053833_20260526_101505_boxEphys.csv,AdaptSensorimotor_1053833_20260526_101505_boxEphys.csv,M,Fmr1-Fezf2,naive
1053833,3,20260528,2026-05-28 10:23:06,L:\dmclab\Joana\PFC-Str_behavior_project\Behavior\Cohort_3\1053833\Behavior\20260528\AdaptSensorimotor_1053833_20260528_102306_boxEphys.csv,AdaptSensorimotor_1053833_20260528_102306_boxEphys.csv,M,Fmr1-Fezf2,naive
1053833,3,20260608,2026-06-08 09:57:43,L:\dmclab\Joana\PFC-Str_behavior_project\Behavior\Cohort_3\1053833\Behavior\20260608\AdaptSensorimotor_1053833_20260608_095743_boxEphys.csv,AdaptSensorimotor_1053833_20260608_095743_boxEphys.csv,M,Fmr1-Fezf2,trained
1053833,3,20260610,2026-06-10 09:16:06,L:\dmclab\Joana\PFC-Str_behavior_project\Behavior\Cohort_3\1053833\Behavior\20260610\AdaptSensorimotor_1053833_20260610_091606_boxEphys.csv,AdaptSensorimotor_1053833_20260610_091606_boxEphys.csv,M,Fmr1-Fezf2,trained
1053835,3,20260610,2026-06-10 17:50:48,L:\dmclab\Joana\PFC-Str_behavior_project\Behavior\Cohort_3\1053835\Behavior\20260610\AdaptSensorimotor_1053835_20260610_175048_boxEphys.csv,AdaptSensorimotor_1053835_20260610_175048_boxEphys.csv,M,Fmr1-Fezf2,naive
1053835,3,20260612,2026-06-12 15:17:21,L:\dmclab\Joana\PFC-Str_behavior_project\Behavior\Cohort_3\1053835\Behavior\20260612\AdaptSensorimotor_1053835_20260612_151721_boxEphys.csv,AdaptSensorimotor_1053835_20260612_151721_boxEphys.csv,M,Fmr1-Fezf2,naive
1053835,3,20260623,2026-06-23 13:01:33,L:\dmclab\Joana\PFC-Str_behavior_project\Behavior\Cohort_3\1053835\Behavior\20260623\AdaptSensorimotor_1053835_20260623_130133_boxEphys.csv,AdaptSensorimotor_1053835_20260623_130133_boxEphys.csv,M,Fmr1-Fezf2,trained
1053835,3,20260625,2026-06-25 13:27:15,L:\dmclab\Joana\PFC-Str_behavior_project\Behavior\Cohort_3\1053835\Behavior\20260625\AdaptSensorimotor_1053835_20260625_132715_boxEphys.csv,AdaptSensorimotor_1053835_20260625_132715_boxEphys.csv,M,Fmr1-Fezf2,trained
1053836,3,20260624,2026-06-24 10:06:47,L:\dmclab\Joana\PFC-Str_behavior_project\Behavior\Cohort_3\1053836\Behavior\20260624\AdaptSensorimotor_1053836_20260624_100647_boxEphys.csv,AdaptSensorimotor_1053836_20260624_100647_boxEphys.csv,M,Fmr1-Fezf2,naive
1053836,3,20260626,2026-06-26 10:15:22,L:\dmclab\Joana\PFC-Str_behavior_project\Behavior\Cohort_3\1053836\Behavior\20260626\AdaptSensorimotor_1053836_20260626_101522_boxEphys.csv,AdaptSensorimotor_1053836_20260626_101522_boxEphys.csv,M,Fmr1-Fezf2,naive
1060138,3,20260527,2026-05-27 09:39:37,L:\dmclab\Joana\PFC-Str_behavior_project\Behavior\Cohort_3\1060138\Behavior\20260527\AdaptSensorimotor_1060138_20260527_093937_boxEphys.csv,AdaptSensorimotor_1060138_20260527_093937_boxEphys.csv,F,Fmr1-Fezf2,naive
1060138,3,20260529,2026-05-29 10:05:42,L:\dmclab\Joana\PFC-Str_behavior_project\Behavior\Cohort_3\1060138\Behavior\20260529\AdaptSensorimotor_1060138_20260529_100542_boxEphys.csv,AdaptSensorimotor_1060138_20260529_100542_boxEphys.csv,F,Fmr1-Fezf2,naive
1060138,3,20260609,2026-06-09 09:53:37,L:\dmclab\Joana\PFC-Str_behavior_project\Behavior\Cohort_3\1060138\Behavior\20260609\AdaptSensorimotor_1060138_20260609_095337_boxEphys.csv,AdaptSensorimotor_1060138_20260609_095337_boxEphys.csv,F,Fmr1-Fezf2,trained
1060138,3,20260611,2026-06-11 10:12:56,L:\dmclab\Joana\PFC-Str_behavior_project\Behavior\Cohort_3\1060138\Behavior\20260611\AdaptSensorimotor_1060138_20260611_101256_boxEphys.csv,AdaptSensorimotor_1060138_20260611_101256_boxEphys.csv,F,Fmr1-Fezf2,trained
1060141,3,20260624,2026-06-24 12:40:29,L:\dmclab\Joana\PFC-Str_behavior_project\Behavior\Cohort_3\1060141\Behavior\20260624\AdaptSensorimotor_1060141_20260624_124029_boxEphys.csv,AdaptSensorimotor_1060141_20260624_124029_boxEphys.csv,F,Fmr1-Fezf2,naive
1060141,3,20260626,2026-06-26 13:14:27,L:\dmclab\Joana\PFC-Str_behavior_project\Behavior\Cohort_3\1060141\Behavior\20260626\AdaptSensorimotor_1060141_20260626_131427_boxEphys.csv,AdaptSensorimotor_1060141_20260626_131427_boxEphys.csv,F,Fmr1-Fezf2,naive
1060148,3,20260609,2026-06-09 15:21:27,L:\dmclab\Joana\PFC-Str_behavior_project\Behavior\Cohort_3\1060148\Behavior\20260609\AdaptSensorimotor_1060148_20260609_152127_boxEphys.csv,AdaptSensorimotor_1060148_20260609_152127_boxEphys.csv,F,Fmr1-Tlx3,naive
1060148,3,20260611,2026-06-11 15:19:35,L:\dmclab\Joana\PFC-Str_behavior_project\Behavior\Cohort_3\1060148\Behavior\20260611\AdaptSensorimotor_1060148_20260611_151935_boxEphys.csv,AdaptSensorimotor_1060148_20260611_151935_boxEphys.csv,F,Fmr1-Tlx3,naive
1060148,3,20260623,2026-06-23 10:02:02,L:\dmclab\Joana\PFC-Str_behavior_project\Behavior\Cohort_3\1060148\Behavior\20260623\AdaptSensorimotor_1060148_20260623_100202_boxEphys.csv,AdaptSensorimotor_1060148_20260623_100202_boxEphys.csv,F,Fmr1-Tlx3,trained
1060148,3,20260625,2026-06-25 10:48:04,L:\dmclab\Joana\PFC-Str_behavior_project\Behavior\Cohort_3\1060148\Behavior\20260625\AdaptSensorimotor_1060148_20260625_104804_boxEphys.csv,AdaptSensorimotor_1060148_20260625_104804_boxEphys.csv,F,Fmr1-Tlx3,trained
1060358,3,20260601,2026-06-01 12:11:20,L:\dmclab\Joana\PFC-Str_behavior_project\Behavior\Cohort_3\1060358\Behavior\20260601\AdaptSensorimotor_1060358_20260601_121120_boxEphys.csv,AdaptSensorimotor_1060358_20260601_121120_boxEphys.csv,F,Tlx3,naive
1060358,3,20260602,2026-06-02 12:36:24,L:\dmclab\Joana\PFC-Str_behavior_project\Behavior\Cohort_3\1060358\Behavior\20260602\AdaptSensorimotor_1060358_20260602_123624_boxEphys.csv,AdaptSensorimotor_1060358_20260602_123624_boxEphys.csv,F,Tlx3,naive
1060358,3,20260608,2026-06-08 09:53:50,L:\dmclab\Joana\PFC-Str_behavior_project\Behavior\Cohort_3\1060358\Behavior\20260608\AdaptSensorimotor_1060358_20260608_095350_box1.csv,AdaptSensorimotor_1060358_20260608_095350_box1.csv,F,Tlx3,trained
1060358,3,20260612,2026-06-12 12:19:07,L:\dmclab\Joana\PFC-Str_behavior_project\Behavior\Cohort_3\1060358\Behavior\20260612\AdaptSensorimotor_1060358_20260612_121907_boxEphys.csv,AdaptSensorimotor_1060358_20260612_121907_boxEphys.csv,F,Tlx3,trained
1060359,3,20260624,2026-06-24 15:19:22,L:\dmclab\Joana\PFC-Str_behavior_project\Behavior\Cohort_3\1060359\Behavior\20260624\AdaptSensorimotor_1060359_20260624_151922_boxEphys.csv,AdaptSensorimotor_1060359_20260624_151922_boxEphys.csv,F,Tlx3,naive
1060359,3,20260626,2026-06-26 15:56:21,L:\dmclab\Joana\PFC-Str_behavior_project\Behavior\Cohort_3\1060359\Behavior\20260626\AdaptSensorimotor_1060359_20260626_155621_boxEphys.csv,AdaptSensorimotor_1060359_20260626_155621_boxEphys.csv,F,Tlx3,naive
1060360,3,20260519,2026-05-19 10:44:01,L:\dmclab\Joana\PFC-Str_behavior_project\Behavior\Cohort_3\1060360\Behavior\20260519\AdaptSensorimotor_1060360_20260519_104401_boxEphys.csv,AdaptSensorimotor_1060360_20260519_104401_boxEphys.csv,F,Tlx3,naive
1060360,3,20260521,2026-05-21 10:58:18,L:\dmclab\Joana\PFC-Str_behavior_project\Behavior\Cohort_3\1060360\Behavior\20260521\AdaptSensorimotor_1060360_20260521_105818_boxEphys.csv,AdaptSensorimotor_1060360_20260521_105818_boxEphys.csv,F,Tlx3,naive
1060360,3,20260601,2026-06-01 09:23:35,L:\dmclab\Joana\PFC-Str_behavior_project\Behavior\Cohort_3\1060360\Behavior\20260601\AdaptSensorimotor_1060360_20260601_092335_boxEphys.csv,AdaptSensorimotor_1060360_20260601_092335_boxEphys.csv,F,Tlx3,trained
1060360,3,20260602,2026-06-02 09:26:22,L:\dmclab\Joana\PFC-Str_behavior_project\Behavior\Cohort_3\1060360\Behavior\20260602\AdaptSensorimotor_1060360_20260602_092622_boxEphys.csv,AdaptSensorimotor_1060360_20260602_092622_boxEphys.csv,F,Tlx3,trained
1061220,3,20260527,2026-05-27 12:33:27,L:\dmclab\Joana\PFC-Str_behavior_project\Behavior\Cohort_3\1061220\Behavior\20260527\AdaptSensorimotor_1061220_20260527_123327_boxEphys.csv,AdaptSensorimotor_1061220_20260527_123327_boxEphys.csv,F,Fezf2,naive
1061220,3,20260529,2026-05-29 13:16:54,L:\dmclab\Joana\PFC-Str_behavior_project\Behavior\Cohort_3\1061220\Behavior\20260529\AdaptSensorimotor_1061220_20260529_131654_boxEphys.csv,AdaptSensorimotor_1061220_20260529_131654_boxEphys.csv,F,Fezf2,naive
1061220,3,20260608,2026-06-08 15:28:11,L:\dmclab\Joana\PFC-Str_behavior_project\Behavior\Cohort_3\1061220\Behavior\20260608\AdaptSensorimotor_1061220_20260608_152811_boxEphys.csv,AdaptSensorimotor_1061220_20260608_152811_boxEphys.csv,F,Fezf2,trained
1061220,3,20260610,2026-06-10 15:09:15,L:\dmclab\Joana\PFC-Str_behavior_project\Behavior\Cohort_3\1061220\Behavior\20260610\AdaptSensorimotor_1061220_20260610_150915_boxEphys.csv,AdaptSensorimotor_1061220_20260610_150915_boxEphys.csv,F,Fezf2,trained
1061233,3,20260526,2026-05-26 13:16:27,L:\dmclab\Joana\PFC-Str_behavior_project\Behavior\Cohort_3\1061233\Behavior\20260526\AdaptSensorimotor_1061233_20260526_131627_boxEphys.csv,AdaptSensorimotor_1061233_20260526_131627_boxEphys.csv,M,Fezf2,naive
1061233,3,20260528,2026-05-28 13:14:14,L:\dmclab\Joana\PFC-Str_behavior_project\Behavior\Cohort_3\1061233\Behavior\20260528\AdaptSensorimotor_1061233_20260528_131414_boxEphys.csv,AdaptSensorimotor_1061233_20260528_131414_boxEphys.csv,M,Fezf2,naive
1061233,3,20260608,2026-06-08 12:49:04,L:\dmclab\Joana\PFC-Str_behavior_project\Behavior\Cohort_3\1061233\Behavior\20260608\AdaptSensorimotor_1061233_20260608_124904_boxEphys.csv,AdaptSensorimotor_1061233_20260608_124904_boxEphys.csv,M,Fezf2,trained
1061233,3,20260610,2026-06-10 12:13:50,L:\dmclab\Joana\PFC-Str_behavior_project\Behavior\Cohort_3\1061233\Behavior\20260610\AdaptSensorimotor_1061233_20260610_121350_boxEphys.csv,AdaptSensorimotor_1061233_20260610_121350_boxEphys.csv,M,Fezf2,trained
1061234,3,20260601,2026-06-01 14:56:13,L:\dmclab\Joana\PFC-Str_behavior_project\Behavior\Cohort_3\1061234\Behavior\20260601\AdaptSensorimotor_1061234_20260601_145613_boxEphys.csv,AdaptSensorimotor_1061234_20260601_145613_boxEphys.csv,M,Fezf2,naive
1061234,3,20260602,2026-06-02 15:32:29,L:\dmclab\Joana\PFC-Str_behavior_project\Behavior\Cohort_3\1061234\Behavior\20260602\AdaptSensorimotor_1061234_20260602_153229_boxEphys.csv,AdaptSensorimotor_1061234_20260602_153229_boxEphys.csv,M,Fezf2,naive
1061234,3,20260609,2026-06-09 12:21:57,L:\dmclab\Joana\PFC-Str_behavior_project\Behavior\Cohort_3\1061234\Behavior\20260609\AdaptSensorimotor_1061234_20260609_122157_boxEphys.csv,AdaptSensorimotor_1061234_20260609_122157_boxEphys.csv,M,Fezf2,trained
1061234,3,20260612,2026-06-12 09:30:41,L:\dmclab\Joana\PFC-Str_behavior_project\Behavior\Cohort_3\1061234\Behavior\20260612\AdaptSensorimotor_1061234_20260612_093041_boxEphys.csv,AdaptSensorimotor_1061234_20260612_093041_boxEphys.csv,M,Fezf2,trained
986167,1,20251125,2025-11-25 16:18:31,L:\dmclab\Joana\PFC-Str_behavior_project\Behavior\Cohort_1\986167\Behavior\20251125\AdaptSensorimotor_986167_20251125_161831_boxEphys.csv,AdaptSensorimotor_986167_20251125_161831_boxEphys.csv,M,Fezf2,naive
986167,1,20251204,2025-12-04 15:32:27,L:\dmclab\Joana\PFC-Str_behavior_project\Behavior\Cohort_1\986167\Behavior\20251204\AdaptSensorimotor_986167_20251204_153227_boxEphys.csv,AdaptSensorimotor_986167_20251204_153227_boxEphys.csv,M,Fezf2,naive
986167,1,20251210,2025-12-10 10:42:15,L:\dmclab\Joana\PFC-Str_behavior_project\Behavior\Cohort_1\986167\Behavior\20251210\AdaptSensorimotor_986167_20251210_104215_boxEphys.csv,AdaptSensorimotor_986167_20251210_104215_boxEphys.csv,M,Fezf2,trained
986167,1,20251211,2025-12-11 16:30:21,L:\dmclab\Joana\PFC-Str_behavior_project\Behavior\Cohort_1\986167\Behavior\20251211\AdaptSensorimotor_986167_20251211_163021_boxEphys.csv,AdaptSensorimotor_986167_20251211_163021_boxEphys.csv,M,Fezf2,trained
986168,1,20251203,2025-12-03 13:15:48,L:\dmclab\Joana\PFC-Str_behavior_project\Behavior\Cohort_1\986168\Behavior\20251203\AdaptSensorimotor_986168_20251203_131548_boxEphys.csv,AdaptSensorimotor_986168_20251203_131548_boxEphys.csv,M,Fezf2,naive
986168,1,20251204,2025-12-04 12:54:54,L:\dmclab\Joana\PFC-Str_behavior_project\Behavior\Cohort_1\986168\Behavior\20251204\AdaptSensorimotor_986168_20251204_125454_boxEphys.csv,AdaptSensorimotor_986168_20251204_125454_boxEphys.csv,M,Fezf2,naive
986168,1,20251210,2025-12-10 13:51:42,L:\dmclab\Joana\PFC-Str_behavior_project\Behavior\Cohort_1\986168\Behavior\20251210\AdaptSensorimotor_986168_20251210_135142_boxEphys.csv,AdaptSensorimotor_986168_20251210_135142_boxEphys.csv,M,Fezf2,trained
986168,1,20251212,2025-12-12 13:19:27,L:\dmclab\Joana\PFC-Str_behavior_project\Behavior\Cohort_1\986168\Behavior\20251212\AdaptSensorimotor_986168_20251212_131927_boxEphys.csv,AdaptSensorimotor_986168_20251212_131927_boxEphys.csv,M,Fezf2,trained
986169,1,20251202,2025-12-02 13:47:45,L:\dmclab\Joana\PFC-Str_behavior_project\Behavior\Cohort_1\986169\Behavior\20251202\AdaptSensorimotor_986169_20251202_134745_boxEphys.csv,AdaptSensorimotor_986169_20251202_134745_boxEphys.csv,M,Fezf2,naive
986169,1,20251203,2025-12-03 10:58:20,L:\dmclab\Joana\PFC-Str_behavior_project\Behavior\Cohort_1\986169\Behavior\20251203\AdaptSensorimotor_986169_20251203_105820_boxEphys.csv,AdaptSensorimotor_986169_20251203_105820_boxEphys.csv,M,Fezf2,naive
986170,1,20251125,2025-11-25 13:37:37,L:\dmclab\Joana\PFC-Str_behavior_project\Behavior\Cohort_1\986170\Behavior\20251125\AdaptSensorimotor_986170_20251125_133737_boxEphys.csv,AdaptSensorimotor_986170_20251125_133737_boxEphys.csv,M,Fezf2,naive
986170,1,20251201,2025-12-01 15:26:13,L:\dmclab\Joana\PFC-Str_behavior_project\Behavior\Cohort_1\986170\Behavior\20251201\AdaptSensorimotor_986170_20251201_152613_boxEphys.csv,AdaptSensorimotor_986170_20251201_152613_boxEphys.csv,M,Fezf2,naive
986170,1,20251209,2025-12-09 13:35:15,L:\dmclab\Joana\PFC-Str_behavior_project\Behavior\Cohort_1\986170\Behavior\20251209\AdaptSensorimotor_986170_20251209_133515_boxEphys.csv,AdaptSensorimotor_986170_20251209_133515_boxEphys.csv,M,Fezf2,trained
986170,1,20251211,2025-12-11 11:09:45,L:\dmclab\Joana\PFC-Str_behavior_project\Behavior\Cohort_1\986170\Behavior\20251211\AdaptSensorimotor_986170_20251211_110945_boxEphys.csv,AdaptSensorimotor_986170_20251211_110945_boxEphys.csv,M,Fezf2,trained
986171,1,20251203,2025-12-03 16:06:47,L:\dmclab\Joana\PFC-Str_behavior_project\Behavior\Cohort_1\986171\Behavior\20251203\AdaptSensorimotor_986171_20251203_160647_boxEphys.csv,AdaptSensorimotor_986171_20251203_160647_boxEphys.csv,F,Fezf2,naive
986171,1,20251208,2025-12-08 14:07:32,L:\dmclab\Joana\PFC-Str_behavior_project\Behavior\Cohort_1\986171\Behavior\20251208\AdaptSensorimotor_986171_20251208_140732_boxEphys.csv,AdaptSensorimotor_986171_20251208_140732_boxEphys.csv,F,Fezf2,naive
986171,1,20251212,2025-12-12 10:48:52,L:\dmclab\Joana\PFC-Str_behavior_project\Behavior\Cohort_1\986171\Behavior\20251212\AdaptSensorimotor_986171_20251212_104852_boxEphys.csv,AdaptSensorimotor_986171_20251212_104852_boxEphys.csv,F,Fezf2,trained
986235,1,20251125,2025-11-25 11:06:52,L:\dmclab\Joana\PFC-Str_behavior_project\Behavior\Cohort_1\986235\Behavior\20251125\AdaptSensorimotor_986235_20251125_110652_boxEphys.csv,AdaptSensorimotor_986235_20251125_110652_boxEphys.csv,F,Tlx3,naive
986235,1,20251202,2025-12-02 10:34:44,L:\dmclab\Joana\PFC-Str_behavior_project\Behavior\Cohort_1\986235\Behavior\20251202\AdaptSensorimotor_986235_20251202_103444_boxEphys.csv,AdaptSensorimotor_986235_20251202_103444_boxEphys.csv,F,Tlx3,naive
986235,1,20251209,2025-12-09 16:14:26,L:\dmclab\Joana\PFC-Str_behavior_project\Behavior\Cohort_1\986235\Behavior\20251209\AdaptSensorimotor_986235_20251209_161426_boxEphys.csv,AdaptSensorimotor_986235_20251209_161426_boxEphys.csv,F,Tlx3,trained
986235,1,20251211,2025-12-11 13:42:57,L:\dmclab\Joana\PFC-Str_behavior_project\Behavior\Cohort_1\986235\Behavior\20251211\AdaptSensorimotor_986235_20251211_134257_boxEphys.csv,AdaptSensorimotor_986235_20251211_134257_boxEphys.csv,F,Tlx3,trained
999770,1,20251111,2025-11-11 14:39:34,L:\dmclab\Joana\PFC-Str_behavior_project\Behavior\Cohort_1\999770\Behavior\20251111\AdaptSensorimotor_999770_20251111_143934_boxEphys.csv,AdaptSensorimotor_999770_20251111_143934_boxEphys.csv,M,Tlx3,naive
999770,1,20251111,2025-11-11 14:39:34,L:\dmclab\Joana\PFC-Str_behavior_project\Behavior\Cohort_1\999770\Behavior\20251111\AdaptSensorimotor_999770_20251111_143934_boxEphys_old.csv,AdaptSensorimotor_999770_20251111_143934_boxEphys_old.csv,M,Tlx3,naive
999770,1,20251112,2025-11-12 12:31:35,L:\dmclab\Joana\PFC-Str_behavior_project\Behavior\Cohort_1\999770\Behavior\20251112\AdaptSensorimotor_999770_20251112_123135_boxEphys.csv,AdaptSensorimotor_999770_20251112_123135_boxEphys.csv,M,Tlx3,naive
999770,1,20251206,2025-12-06 09:57:18,L:\dmclab\Joana\PFC-Str_behavior_project\Behavior\Cohort_1\999770\Behavior\20251206\AdaptSensorimotor_999770_20251206_095718_boxEphys.csv,AdaptSensorimotor_999770_20251206_095718_boxEphys.csv,M,Tlx3,trained
999770,1,20251209,2025-12-09 10:41:42,L:\dmclab\Joana\PFC-Str_behavior_project\Behavior\Cohort_1\999770\Behavior\20251209\AdaptSensorimotor_999770_20251209_104142_boxEphys.csv,AdaptSensorimotor_999770_20251209_104142_boxEphys.csv,M,Tlx3,trained
